{
  "formatVersion": 1,
  "database": {
    "version": 2,
    "identityHash": "3ea29b147377635375d26fb97287f808",
    "entities": [
      {
        "tableName": "user_table",
        "createSql": "CREATE TABLE IF NOT EXISTS `${TABLE_NAME}` (`id` INTEGER PRIMARY KEY AUTOINCREMENT NOT NULL, `username` TEXT, `password` TEXT)",
        "fields": [
          {
            "fieldPath": "id",
            "columnName": "id",
            "affinity": "INTEGER",
            "notNull": true
          },
          {
            "fieldPath": "username",
            "columnName": "username",
            "affinity": "TEXT",
            "notNull": false
          },
          {
            "fieldPath": "password",
            "columnName": "password",
            "affinity": "TEXT",
            "notNull": false
          }
        ],
        "primaryKey": {
          "autoGenerate": true,
          "columnNames": [
            "id"
          ]
        },
        "indices": [],
        "foreignKeys": []
      },
      {
        "tableName": "inventory_table",
        "createSql": "CREATE TABLE IF NOT EXISTS `${TABLE_NAME}` (`id` INTEGER PRIMARY KEY AUTOINCREMENT NOT NULL, `itemName` TEXT, `quantity` INTEGER NOT NULL)",
        "fields": [
          {
            "fieldPath": "id",
            "columnName": "id",
            "affinity": "INTEGER",
            "notNull": true
          },
          {
            "fieldPath": "itemName",
            "columnName": "itemName",
            "affinity": "TEXT",
            "notNull": false
          },
          {
            "fieldPath": "quantity",
            "columnName": "quantity",
            "affinity": "INTEGER",
            "notNull": true
          }
        ],
        "primaryKey": {
          "autoGenerate": true,
          "columnNames": [
            "id"
          ]
        },
        "indices": [
          {
            "name": "index_inventory_table_itemName",
            "unique": false,
            "columnNames": [
              "itemName"
            ],
            "orders": [],
            "createSql": "CREATE INDEX IF NOT EXISTS `index_inventory_table_itemName` ON `${TABLE_NAME}` (`itemName`)"
          },
          {
            "name": "index_inventory_table_quantity",
            "unique": false,
            "columnNames": [
              "quantity"
            ],
            "orders": [],
            "createSql": "CREATE INDEX IF NOT EXISTS `index_inventory_table_quantity` ON `${TABLE_NAME}` (`quantity`)"
          }
        ],
        "foreignKeys": []
      }
    ],
    "views": [],
    "setupQueries": [
      "CREATE TABLE IF NOT EXISTS room_master_table (id INTEGER PRIMARY KEY,identity_hash TEXT)",
      "INSERT OR REPLACE INTO room_master_table (id,identity_hash) VALUES(42, '3ea29b147377635375d26fb97287f808')"
    ]
  }
}